timestamp_utc,keyword,tier,category,lang,provider,rank,found_url,note
2026-05-10T07:17:46Z,Stations Hotellet,1,brand,sv,duckduckgo,-1,,ddg-checked-12-results
2026-05-10T07:17:49Z,Stations Hotellet Öjebyn,1,brand,sv,duckduckgo,-1,,ddg-checked-12-results
2026-05-10T07:17:51Z,Stations Hotellet Piteå,1,brand,sv,duckduckgo,-1,,ddg-no-results-parsed
2026-05-10T07:17:54Z,stationshotellet.com,1,brand,any,duckduckgo,-1,,ddg-no-results-parsed
2026-05-10T07:17:56Z,boende Öjebyn,2,local_sv,sv,duckduckgo,-1,,ddg-no-results-parsed
2026-05-10T07:17:58Z,boende Piteå,2,local_sv,sv,duckduckgo,-1,,ddg-no-results-parsed
2026-05-10T07:18:00Z,lägenhet Piteå,2,local_sv,sv,duckduckgo,-1,,ddg-no-results-parsed
2026-05-10T07:18:02Z,lägenhet Öjebyn,2,local_sv,sv,duckduckgo,-1,,ddg-no-results-parsed
2026-05-10T07:18:05Z,billig övernattning Piteå,2,local_sv,sv,duckduckgo,-1,,ddg-no-results-parsed
2026-05-10T07:18:07Z,billigt boende Piteå,2,local_sv,sv,duckduckgo,-1,,ddg-no-results-parsed
2026-05-10T07:18:09Z,semesterboende Norrbotten,2,local_sv,sv,duckduckgo,-1,,ddg-no-results-parsed
2026-05-10T07:18:11Z,airbnb Öjebyn,2,local_sv,sv,duckduckgo,-1,,ddg-no-results-parsed
2026-05-10T07:18:13Z,rum att hyra Piteå,2,local_sv,sv,duckduckgo,-1,,ddg-no-results-parsed
2026-05-10T07:18:15Z,stuga Piteå,2,local_sv,sv,duckduckgo,-1,,ddg-no-results-parsed
2026-05-10T07:18:18Z,accommodation Öjebyn,3,local_en,en,duckduckgo,-1,,ddg-no-results-parsed
2026-05-10T07:18:20Z,apartment Piteå,3,local_en,en,duckduckgo,-1,,ddg-no-results-parsed
2026-05-10T07:18:22Z,vacation rental Piteå,3,local_en,en,duckduckgo,-1,,ddg-no-results-parsed
2026-05-10T07:18:24Z,hotel Öjebyn,3,local_en,en,duckduckgo,-1,,ddg-no-results-parsed
2026-05-10T07:18:26Z,Piteå apartment short stay,3,local_en,en,duckduckgo,-1,,ddg-no-results-parsed
2026-05-10T07:18:28Z,Pite Havsbad accommodation,4,longtail,en,duckduckgo,-1,,ddg-no-results-parsed
2026-05-10T07:18:31Z,northern lights apartment Piteå,4,longtail,en,duckduckgo,-1,,ddg-no-results-parsed
2026-05-10T07:18:33Z,Luleå airport apartment rental,4,longtail,en,duckduckgo,-1,,ddg-no-results-parsed
2026-05-10T07:18:35Z,midnight sun stay Piteå,4,longtail,en,duckduckgo,-1,,ddg-no-results-parsed
2026-05-10T07:18:37Z,Markbygden wind park accommodation,4,longtail,en,duckduckgo,-1,,ddg-no-results-parsed
2026-05-10T07:18:39Z,appartement Piteå,5,local_other,fr,duckduckgo,-1,,ddg-no-results-parsed
2026-05-10T07:18:41Z,Ferienwohnung Piteå,5,local_other,de,duckduckgo,-1,,ddg-no-results-parsed
2026-05-10T08:52:06Z,Stations Hotellet,1,brand,sv,serper,1,https://stationshotellet.com/sv/,serper-found-pos-1
2026-05-10T08:52:09Z,Stations Hotellet Öjebyn,1,brand,sv,serper,1,https://stationshotellet.com/sv/,serper-found-pos-1
2026-05-10T08:52:12Z,Stations Hotellet Piteå,1,brand,sv,serper,1,https://stationshotellet.com/sv/,serper-found-pos-1
2026-05-10T08:52:16Z,stationshotellet.com,1,brand,any,serper,1,https://stationshotellet.com/sv/,serper-found-pos-1
2026-05-10T08:52:19Z,boende Öjebyn,2,local_sv,sv,serper,-1,,serper-checked-10-results
2026-05-10T08:52:22Z,boende Piteå,2,local_sv,sv,serper,-1,,serper-checked-10-results
2026-05-10T08:52:26Z,lägenhet Piteå,2,local_sv,sv,serper,-1,,serper-checked-10-results
2026-05-10T08:52:29Z,lägenhet Öjebyn,2,local_sv,sv,serper,-1,,serper-checked-10-results
2026-05-10T08:52:32Z,billig övernattning Piteå,2,local_sv,sv,serper,-1,,serper-checked-10-results
2026-05-10T08:52:36Z,billigt boende Piteå,2,local_sv,sv,serper,-1,,serper-checked-10-results
2026-05-10T08:52:39Z,semesterboende Norrbotten,2,local_sv,sv,serper,-1,,serper-checked-10-results
2026-05-10T08:52:42Z,airbnb Öjebyn,2,local_sv,sv,serper,-1,,serper-checked-7-results
2026-05-10T08:52:45Z,rum att hyra Piteå,2,local_sv,sv,serper,-1,,serper-checked-10-results
2026-05-10T08:52:49Z,stuga Piteå,2,local_sv,sv,serper,-1,,serper-checked-10-results
2026-05-10T08:52:53Z,accommodation Öjebyn,3,local_en,en,serper,10,https://stationshotellet.com/,serper-found-pos-10
2026-05-10T08:52:56Z,apartment Piteå,3,local_en,en,serper,-1,,serper-checked-10-results
2026-05-10T08:53:00Z,vacation rental Piteå,3,local_en,en,serper,-1,,serper-checked-10-results
2026-05-10T08:53:04Z,hotel Öjebyn,3,local_en,en,serper,-1,,serper-checked-10-results
2026-05-10T08:53:07Z,Piteå apartment short stay,3,local_en,en,serper,-1,,serper-checked-9-results
2026-05-10T08:53:10Z,Pite Havsbad accommodation,4,longtail,en,serper,-1,,serper-checked-10-results
2026-05-10T08:53:13Z,northern lights apartment Piteå,4,longtail,en,serper,-1,,serper-checked-9-results
2026-05-10T08:53:17Z,Luleå airport apartment rental,4,longtail,en,serper,-1,,serper-checked-9-results
2026-05-10T08:53:20Z,midnight sun stay Piteå,4,longtail,en,serper,-1,,serper-checked-10-results
2026-05-10T08:53:23Z,Markbygden wind park accommodation,4,longtail,en,serper,-1,,serper-checked-10-results
2026-05-10T08:53:26Z,appartement Piteå,5,local_other,fr,serper,-1,,serper-checked-10-results
2026-05-10T08:53:29Z,Ferienwohnung Piteå,5,local_other,de,serper,-1,,serper-checked-10-results
2026-05-17T07:00:02Z,Stations Hotellet,1,brand,sv,serper,1,https://stationshotellet.com/sv/,serper-found-pos-1
2026-05-17T07:00:05Z,Stations Hotellet Öjebyn,1,brand,sv,serper,1,https://stationshotellet.com/sv/,serper-found-pos-1
2026-05-17T07:00:08Z,Stations Hotellet Piteå,1,brand,sv,serper,1,https://stationshotellet.com/sv/,serper-found-pos-1
2026-05-17T07:00:11Z,stationshotellet.com,1,brand,any,serper,1,https://stationshotellet.com/sv/,serper-found-pos-1
2026-05-17T07:00:14Z,boende Öjebyn,2,local_sv,sv,serper,-1,,serper-checked-10-results
2026-05-17T07:00:17Z,boende Piteå,2,local_sv,sv,serper,-1,,serper-checked-10-results
2026-05-17T07:00:20Z,lägenhet Piteå,2,local_sv,sv,serper,-1,,serper-checked-10-results
2026-05-17T07:00:23Z,lägenhet Öjebyn,2,local_sv,sv,serper,-1,,serper-checked-10-results
2026-05-17T07:00:26Z,billig övernattning Piteå,2,local_sv,sv,serper,-1,,serper-checked-10-results
2026-05-17T07:00:29Z,billigt boende Piteå,2,local_sv,sv,serper,-1,,serper-checked-10-results
2026-05-17T07:00:33Z,semesterboende Norrbotten,2,local_sv,sv,serper,-1,,serper-checked-10-results
2026-05-17T07:00:36Z,airbnb Öjebyn,2,local_sv,sv,serper,-1,,serper-checked-10-results
2026-05-17T07:00:39Z,rum att hyra Piteå,2,local_sv,sv,serper,-1,,serper-checked-10-results
2026-05-17T07:00:42Z,stuga Piteå,2,local_sv,sv,serper,-1,,serper-checked-10-results
2026-05-17T07:00:45Z,accommodation Öjebyn,3,local_en,en,serper,-1,,serper-checked-10-results
2026-05-17T07:00:48Z,apartment Piteå,3,local_en,en,serper,-1,,serper-checked-10-results
2026-05-17T07:00:52Z,vacation rental Piteå,3,local_en,en,serper,-1,,serper-checked-10-results
2026-05-17T07:00:55Z,hotel Öjebyn,3,local_en,en,serper,-1,,serper-checked-10-results
2026-05-17T07:00:58Z,Piteå apartment short stay,3,local_en,en,serper,-1,,serper-checked-10-results
2026-05-17T07:01:01Z,Pite Havsbad accommodation,4,longtail,en,serper,-1,,serper-checked-10-results
2026-05-17T07:01:05Z,northern lights apartment Piteå,4,longtail,en,serper,-1,,serper-checked-10-results
2026-05-17T07:01:08Z,Luleå airport apartment rental,4,longtail,en,serper,-1,,serper-checked-10-results
2026-05-17T07:01:11Z,midnight sun stay Piteå,4,longtail,en,serper,-1,,serper-checked-10-results
2026-05-17T07:01:15Z,Markbygden wind park accommodation,4,longtail,en,serper,-1,,serper-checked-10-results
2026-05-17T07:01:18Z,appartement Piteå,5,local_other,fr,serper,-1,,serper-checked-10-results
2026-05-17T07:01:22Z,Ferienwohnung Piteå,5,local_other,de,serper,-1,,serper-checked-10-results
2026-05-24T07:51:09Z,Stations Hotellet,1,brand,sv,serper,-1,,serper-checked-10-results
2026-05-24T07:51:12Z,Stations Hotellet Öjebyn,1,brand,sv,serper,2,https://stationshotellet.com/sv/,serper-found-pos-2
2026-05-24T07:51:16Z,Stations Hotellet Piteå,1,brand,sv,serper,-1,,serper-checked-10-results
2026-05-24T07:51:19Z,stationshotellet.com,1,brand,any,serper,1,https://stationshotellet.com/sv/,serper-found-pos-1
2026-05-24T07:51:22Z,boende Öjebyn,2,local_sv,sv,serper,-1,,serper-checked-10-results
2026-05-24T07:51:26Z,boende Piteå,2,local_sv,sv,serper,-1,,serper-checked-10-results
2026-05-24T07:51:29Z,lägenhet Piteå,2,local_sv,sv,serper,-1,,serper-checked-10-results
2026-05-24T07:51:32Z,lägenhet Öjebyn,2,local_sv,sv,serper,-1,,serper-checked-10-results
2026-05-24T07:51:36Z,billig övernattning Piteå,2,local_sv,sv,serper,-1,,serper-checked-10-results
2026-05-24T07:51:39Z,billigt boende Piteå,2,local_sv,sv,serper,-1,,serper-checked-10-results
2026-05-24T07:51:43Z,semesterboende Norrbotten,2,local_sv,sv,serper,-1,,serper-checked-10-results
2026-05-24T07:51:46Z,airbnb Öjebyn,2,local_sv,sv,serper,-1,,serper-checked-9-results
2026-05-24T07:51:49Z,rum att hyra Piteå,2,local_sv,sv,serper,-1,,serper-checked-10-results
2026-05-24T07:51:52Z,stuga Piteå,2,local_sv,sv,serper,-1,,serper-checked-10-results
2026-05-24T07:51:55Z,accommodation Öjebyn,3,local_en,en,serper,-1,,serper-checked-10-results
2026-05-24T07:51:58Z,apartment Piteå,3,local_en,en,serper,-1,,serper-checked-10-results
2026-05-24T07:52:02Z,vacation rental Piteå,3,local_en,en,serper,-1,,serper-checked-10-results
2026-05-24T07:52:07Z,hotel Öjebyn,3,local_en,en,serper,-1,,serper-checked-10-results
2026-05-24T07:52:11Z,Piteå apartment short stay,3,local_en,en,serper,-1,,serper-checked-10-results
2026-05-24T07:52:15Z,Pite Havsbad accommodation,4,longtail,en,serper,-1,,serper-checked-10-results
2026-05-24T07:52:18Z,northern lights apartment Piteå,4,longtail,en,serper,-1,,serper-checked-10-results
2026-05-24T07:52:22Z,Luleå airport apartment rental,4,longtail,en,serper,-1,,serper-checked-9-results
2026-05-24T07:52:25Z,midnight sun stay Piteå,4,longtail,en,serper,-1,,serper-checked-9-results
2026-05-24T07:52:29Z,Markbygden wind park accommodation,4,longtail,en,serper,-1,,serper-checked-10-results
2026-05-24T07:52:32Z,appartement Piteå,5,local_other,fr,serper,-1,,serper-checked-10-results
2026-05-24T07:52:36Z,Ferienwohnung Piteå,5,local_other,de,serper,-1,,serper-checked-10-results
2026-05-31T07:00:02Z,Stations Hotellet,1,brand,sv,serper,-1,,serper-checked-9-results
2026-05-31T07:00:05Z,Stations Hotellet Öjebyn,1,brand,sv,serper,1,https://stationshotellet.com/sv/,serper-found-pos-1
2026-05-31T07:00:08Z,Stations Hotellet Piteå,1,brand,sv,serper,1,https://stationshotellet.com/sv/,serper-found-pos-1
2026-05-31T07:00:11Z,stationshotellet.com,1,brand,any,serper,1,https://stationshotellet.com/,serper-found-pos-1
2026-05-31T07:00:14Z,boende Öjebyn,2,local_sv,sv,serper,-1,,serper-checked-10-results
2026-05-31T07:00:17Z,boende Piteå,2,local_sv,sv,serper,-1,,serper-checked-10-results
2026-05-31T07:00:20Z,lägenhet Piteå,2,local_sv,sv,serper,-1,,serper-checked-10-results
2026-05-31T07:00:23Z,lägenhet Öjebyn,2,local_sv,sv,serper,-1,,serper-checked-10-results
2026-05-31T07:00:26Z,billig övernattning Piteå,2,local_sv,sv,serper,-1,,serper-checked-10-results
2026-05-31T07:00:30Z,billigt boende Piteå,2,local_sv,sv,serper,-1,,serper-checked-10-results
2026-05-31T07:00:33Z,semesterboende Norrbotten,2,local_sv,sv,serper,-1,,serper-checked-10-results
2026-05-31T07:00:36Z,airbnb Öjebyn,2,local_sv,sv,serper,-1,,serper-checked-10-results
2026-05-31T07:00:40Z,rum att hyra Piteå,2,local_sv,sv,serper,-1,,serper-checked-10-results
2026-05-31T07:00:43Z,stuga Piteå,2,local_sv,sv,serper,-1,,serper-checked-10-results
2026-05-31T07:00:46Z,accommodation Öjebyn,3,local_en,en,serper,-1,,serper-checked-10-results
2026-05-31T07:00:50Z,apartment Piteå,3,local_en,en,serper,-1,,serper-checked-10-results
2026-05-31T07:00:53Z,vacation rental Piteå,3,local_en,en,serper,-1,,serper-checked-10-results
2026-05-31T07:00:57Z,hotel Öjebyn,3,local_en,en,serper,-1,,serper-checked-10-results
2026-05-31T07:01:00Z,Piteå apartment short stay,3,local_en,en,serper,-1,,serper-checked-10-results
2026-05-31T07:01:03Z,Pite Havsbad accommodation,4,longtail,en,serper,-1,,serper-checked-10-results
2026-05-31T07:01:06Z,northern lights apartment Piteå,4,longtail,en,serper,6,https://stationshotellet.com/,serper-found-pos-6
2026-05-31T07:01:09Z,Luleå airport apartment rental,4,longtail,en,serper,-1,,serper-checked-9-results
2026-05-31T07:01:13Z,midnight sun stay Piteå,4,longtail,en,serper,-1,,serper-checked-9-results
2026-05-31T07:01:16Z,Markbygden wind park accommodation,4,longtail,en,serper,-1,,serper-checked-10-results
2026-05-31T07:01:20Z,appartement Piteå,5,local_other,fr,serper,-1,,serper-checked-10-results
2026-05-31T07:01:23Z,Ferienwohnung Piteå,5,local_other,de,serper,-1,,serper-checked-9-results
2026-06-07T07:00:02Z,Stations Hotellet,1,brand,sv,serper,-1,,serper-checked-9-results
2026-06-07T07:00:05Z,Stations Hotellet Öjebyn,1,brand,sv,serper,1,https://stationshotellet.com/sv/,serper-found-pos-1
2026-06-07T07:00:09Z,Stations Hotellet Piteå,1,brand,sv,serper,-1,,serper-checked-10-results
2026-06-07T07:00:13Z,stationshotellet.com,1,brand,any,serper,1,https://stationshotellet.com/sv/,serper-found-pos-1
2026-06-07T07:00:16Z,boende Öjebyn,2,local_sv,sv,serper,-1,,serper-checked-10-results
2026-06-07T07:00:19Z,boende Piteå,2,local_sv,sv,serper,-1,,serper-checked-10-results
2026-06-07T07:00:23Z,lägenhet Piteå,2,local_sv,sv,serper,-1,,serper-checked-10-results
2026-06-07T07:00:26Z,lägenhet Öjebyn,2,local_sv,sv,serper,-1,,serper-checked-10-results
2026-06-07T07:00:30Z,billig övernattning Piteå,2,local_sv,sv,serper,-1,,serper-checked-10-results
2026-06-07T07:00:33Z,billigt boende Piteå,2,local_sv,sv,serper,-1,,serper-checked-10-results
2026-06-07T07:00:37Z,semesterboende Norrbotten,2,local_sv,sv,serper,-1,,serper-checked-10-results
2026-06-07T07:00:40Z,airbnb Öjebyn,2,local_sv,sv,serper,-1,,serper-checked-10-results
2026-06-07T07:00:44Z,rum att hyra Piteå,2,local_sv,sv,serper,-1,,serper-checked-10-results
2026-06-07T07:00:47Z,stuga Piteå,2,local_sv,sv,serper,-1,,serper-checked-10-results
2026-06-07T07:00:50Z,accommodation Öjebyn,3,local_en,en,serper,-1,,serper-checked-10-results
2026-06-07T07:00:54Z,apartment Piteå,3,local_en,en,serper,-1,,serper-checked-10-results
2026-06-07T07:00:58Z,vacation rental Piteå,3,local_en,en,serper,-1,,serper-checked-10-results
2026-06-07T07:01:02Z,hotel Öjebyn,3,local_en,en,serper,-1,,serper-checked-10-results
2026-06-07T07:01:05Z,Piteå apartment short stay,3,local_en,en,serper,-1,,serper-checked-9-results
2026-06-07T07:01:08Z,Pite Havsbad accommodation,4,longtail,en,serper,-1,,serper-checked-9-results
2026-06-07T07:01:12Z,northern lights apartment Piteå,4,longtail,en,serper,-1,,serper-checked-9-results
2026-06-07T07:01:15Z,Luleå airport apartment rental,4,longtail,en,serper,-1,,serper-checked-9-results
2026-06-07T07:01:19Z,midnight sun stay Piteå,4,longtail,en,serper,-1,,serper-checked-9-results
2026-06-07T07:01:22Z,Markbygden wind park accommodation,4,longtail,en,serper,-1,,serper-checked-10-results
2026-06-07T07:01:26Z,appartement Piteå,5,local_other,fr,serper,-1,,serper-checked-10-results
2026-06-07T07:01:30Z,Ferienwohnung Piteå,5,local_other,de,serper,-1,,serper-checked-10-results
2026-06-14T07:00:02Z,Stations Hotellet,1,brand,sv,serper,-1,,serper-checked-10-results
2026-06-14T07:00:05Z,Stations Hotellet Öjebyn,1,brand,sv,serper,1,https://stationshotellet.com/sv/,serper-found-pos-1
2026-06-14T07:00:09Z,Stations Hotellet Piteå,1,brand,sv,serper,-1,,serper-checked-10-results
2026-06-14T07:00:12Z,stationshotellet.com,1,brand,any,serper,1,https://stationshotellet.com/sv/,serper-found-pos-1
2026-06-14T07:00:15Z,boende Öjebyn,2,local_sv,sv,serper,-1,,serper-checked-10-results
2026-06-14T07:00:18Z,boende Piteå,2,local_sv,sv,serper,-1,,serper-checked-10-results
2026-06-14T07:00:21Z,lägenhet Piteå,2,local_sv,sv,serper,-1,,serper-checked-10-results
2026-06-14T07:00:24Z,lägenhet Öjebyn,2,local_sv,sv,serper,-1,,serper-checked-10-results
2026-06-14T07:00:28Z,billig övernattning Piteå,2,local_sv,sv,serper,-1,,serper-checked-10-results
2026-06-14T07:00:31Z,billigt boende Piteå,2,local_sv,sv,serper,-1,,serper-checked-10-results
2026-06-14T07:00:34Z,semesterboende Norrbotten,2,local_sv,sv,serper,-1,,serper-checked-10-results
2026-06-14T07:00:38Z,airbnb Öjebyn,2,local_sv,sv,serper,-1,,serper-checked-10-results
2026-06-14T07:00:41Z,rum att hyra Piteå,2,local_sv,sv,serper,-1,,serper-checked-10-results
2026-06-14T07:00:45Z,stuga Piteå,2,local_sv,sv,serper,-1,,serper-checked-10-results
2026-06-14T07:00:48Z,accommodation Öjebyn,3,local_en,en,serper,-1,,serper-checked-10-results
2026-06-14T07:00:53Z,apartment Piteå,3,local_en,en,serper,-1,,serper-checked-10-results
2026-06-14T07:00:56Z,vacation rental Piteå,3,local_en,en,serper,-1,,serper-checked-10-results
2026-06-14T07:00:59Z,hotel Öjebyn,3,local_en,en,serper,-1,,serper-checked-10-results
2026-06-14T07:01:02Z,Piteå apartment short stay,3,local_en,en,serper,-1,,serper-checked-10-results
2026-06-14T07:01:06Z,Pite Havsbad accommodation,4,longtail,en,serper,-1,,serper-checked-9-results
2026-06-14T07:01:09Z,northern lights apartment Piteå,4,longtail,en,serper,-1,,serper-checked-10-results
2026-06-14T07:01:12Z,Luleå airport apartment rental,4,longtail,en,serper,-1,,serper-checked-9-results
2026-06-14T07:01:15Z,midnight sun stay Piteå,4,longtail,en,serper,-1,,serper-checked-10-results
2026-06-14T07:01:18Z,Markbygden wind park accommodation,4,longtail,en,serper,-1,,serper-checked-10-results
2026-06-14T07:01:22Z,appartement Piteå,5,local_other,fr,serper,-1,,serper-checked-9-results
2026-06-14T07:01:25Z,Ferienwohnung Piteå,5,local_other,de,serper,-1,,serper-checked-10-results
2026-06-21T07:00:02Z,Stations Hotellet,1,brand,sv,serper,-1,,serper-checked-9-results
2026-06-21T07:00:05Z,Stations Hotellet Öjebyn,1,brand,sv,serper,1,https://stationshotellet.com/sv/,serper-found-pos-1
2026-06-21T07:00:09Z,Stations Hotellet Piteå,1,brand,sv,serper,-1,,serper-checked-10-results
2026-06-21T07:00:12Z,stationshotellet.com,1,brand,any,serper,1,https://stationshotellet.com/sv/,serper-found-pos-1
2026-06-21T07:00:15Z,boende Öjebyn,2,local_sv,sv,serper,-1,,serper-checked-10-results
2026-06-21T07:00:18Z,boende Piteå,2,local_sv,sv,serper,-1,,serper-checked-10-results
2026-06-21T07:00:21Z,lägenhet Piteå,2,local_sv,sv,serper,-1,,serper-checked-10-results
2026-06-21T07:00:25Z,lägenhet Öjebyn,2,local_sv,sv,serper,-1,,serper-checked-10-results
2026-06-21T07:00:28Z,billig övernattning Piteå,2,local_sv,sv,serper,-1,,serper-checked-10-results
2026-06-21T07:00:30Z,billigt boende Piteå,2,local_sv,sv,serper,-1,,serper-checked-10-results
2026-06-21T07:00:33Z,semesterboende Norrbotten,2,local_sv,sv,serper,-1,,serper-checked-10-results
2026-06-21T07:00:37Z,airbnb Öjebyn,2,local_sv,sv,serper,-1,,serper-checked-10-results
2026-06-21T07:00:40Z,rum att hyra Piteå,2,local_sv,sv,serper,-1,,serper-checked-10-results
2026-06-21T07:00:43Z,stuga Piteå,2,local_sv,sv,serper,-1,,serper-checked-10-results
2026-06-21T07:00:47Z,accommodation Öjebyn,3,local_en,en,serper,-1,,serper-checked-10-results
2026-06-21T07:00:50Z,apartment Piteå,3,local_en,en,serper,-1,,serper-checked-10-results
2026-06-21T07:00:53Z,vacation rental Piteå,3,local_en,en,serper,-1,,serper-checked-10-results
2026-06-21T07:00:57Z,hotel Öjebyn,3,local_en,en,serper,-1,,serper-checked-9-results
2026-06-21T07:01:00Z,Piteå apartment short stay,3,local_en,en,serper,-1,,serper-checked-10-results
2026-06-21T07:01:03Z,Pite Havsbad accommodation,4,longtail,en,serper,-1,,serper-checked-9-results
2026-06-21T07:01:07Z,northern lights apartment Piteå,4,longtail,en,serper,-1,,serper-checked-10-results
2026-06-21T07:01:10Z,Luleå airport apartment rental,4,longtail,en,serper,-1,,serper-checked-10-results
2026-06-21T07:01:13Z,midnight sun stay Piteå,4,longtail,en,serper,-1,,serper-checked-9-results
2026-06-21T07:01:16Z,Markbygden wind park accommodation,4,longtail,en,serper,-1,,serper-checked-10-results
2026-06-21T07:01:19Z,appartement Piteå,5,local_other,fr,serper,-1,,serper-checked-10-results
2026-06-21T07:01:23Z,Ferienwohnung Piteå,5,local_other,de,serper,-1,,serper-checked-8-results
2026-06-28T07:53:23Z,Stations Hotellet,1,brand,sv,serper,-1,,serper-checked-9-results
2026-06-28T07:53:26Z,Stations Hotellet Öjebyn,1,brand,sv,serper,1,https://stationshotellet.com/sv/,serper-found-pos-1
2026-06-28T07:53:29Z,Stations Hotellet Piteå,1,brand,sv,serper,-1,,serper-checked-10-results
2026-06-28T07:53:33Z,stationshotellet.com,1,brand,any,serper,1,https://stationshotellet.com/sv/,serper-found-pos-1
2026-06-28T07:53:36Z,boende Öjebyn,2,local_sv,sv,serper,-1,,serper-checked-10-results
2026-06-28T07:53:40Z,boende Piteå,2,local_sv,sv,serper,-1,,serper-checked-10-results
2026-06-28T07:53:42Z,lägenhet Piteå,2,local_sv,sv,serper,-1,,serper-checked-10-results
2026-06-28T07:53:45Z,lägenhet Öjebyn,2,local_sv,sv,serper,-1,,serper-checked-10-results
2026-06-28T07:53:48Z,billig övernattning Piteå,2,local_sv,sv,serper,-1,,serper-checked-10-results
2026-06-28T07:53:51Z,billigt boende Piteå,2,local_sv,sv,serper,-1,,serper-checked-10-results
2026-06-28T07:53:54Z,semesterboende Norrbotten,2,local_sv,sv,serper,-1,,serper-checked-10-results
2026-06-28T07:53:57Z,airbnb Öjebyn,2,local_sv,sv,serper,-1,,serper-checked-8-results
2026-06-28T07:54:01Z,rum att hyra Piteå,2,local_sv,sv,serper,-1,,serper-checked-10-results
2026-06-28T07:54:04Z,stuga Piteå,2,local_sv,sv,serper,-1,,serper-checked-10-results
2026-06-28T07:54:07Z,accommodation Öjebyn,3,local_en,en,serper,-1,,serper-checked-10-results
2026-06-28T07:54:10Z,apartment Piteå,3,local_en,en,serper,-1,,serper-checked-10-results
2026-06-28T07:54:13Z,vacation rental Piteå,3,local_en,en,serper,-1,,serper-checked-10-results
2026-06-28T07:54:18Z,hotel Öjebyn,3,local_en,en,serper,-1,,serper-checked-10-results
2026-06-28T07:54:21Z,Piteå apartment short stay,3,local_en,en,serper,-1,,serper-checked-10-results
2026-06-28T07:54:26Z,Pite Havsbad accommodation,4,longtail,en,serper,-1,,serper-checked-9-results
2026-06-28T07:54:29Z,northern lights apartment Piteå,4,longtail,en,serper,-1,,serper-checked-10-results
2026-06-28T07:54:33Z,Luleå airport apartment rental,4,longtail,en,serper,-1,,serper-checked-9-results
2026-06-28T07:54:36Z,midnight sun stay Piteå,4,longtail,en,serper,-1,,serper-checked-9-results
2026-06-28T07:54:39Z,Markbygden wind park accommodation,4,longtail,en,serper,-1,,serper-checked-10-results
2026-06-28T07:54:42Z,appartement Piteå,5,local_other,fr,serper,-1,,serper-checked-10-results
2026-06-28T07:54:45Z,Ferienwohnung Piteå,5,local_other,de,serper,-1,,serper-checked-10-results
2026-07-05T07:00:02Z,Stations Hotellet,1,brand,sv,serper,10,https://stationshotellet.com/sv/,serper-found-pos-10
2026-07-05T07:00:05Z,Stations Hotellet Öjebyn,1,brand,sv,serper,1,https://stationshotellet.com/sv/,serper-found-pos-1
2026-07-05T07:00:09Z,Stations Hotellet Piteå,1,brand,sv,serper,-1,,serper-checked-10-results
2026-07-05T07:00:12Z,stationshotellet.com,1,brand,any,serper,1,https://stationshotellet.com/,serper-found-pos-1
2026-07-05T07:00:15Z,boende Öjebyn,2,local_sv,sv,serper,-1,,serper-checked-10-results
2026-07-05T07:00:19Z,boende Piteå,2,local_sv,sv,serper,-1,,serper-checked-10-results
2026-07-05T07:00:22Z,lägenhet Piteå,2,local_sv,sv,serper,-1,,serper-checked-10-results
2026-07-05T07:00:25Z,lägenhet Öjebyn,2,local_sv,sv,serper,-1,,serper-checked-10-results
2026-07-05T07:00:28Z,billig övernattning Piteå,2,local_sv,sv,serper,-1,,serper-checked-10-results
2026-07-05T07:00:32Z,billigt boende Piteå,2,local_sv,sv,serper,-1,,serper-checked-7-results
2026-07-05T07:00:35Z,semesterboende Norrbotten,2,local_sv,sv,serper,-1,,serper-checked-9-results
2026-07-05T07:00:39Z,airbnb Öjebyn,2,local_sv,sv,serper,-1,,serper-checked-8-results
2026-07-05T07:00:42Z,rum att hyra Piteå,2,local_sv,sv,serper,-1,,serper-checked-10-results
2026-07-05T07:00:45Z,stuga Piteå,2,local_sv,sv,serper,-1,,serper-checked-10-results
2026-07-05T07:00:48Z,accommodation Öjebyn,3,local_en,en,serper,-1,,serper-checked-7-results
2026-07-05T07:00:51Z,apartment Piteå,3,local_en,en,serper,-1,,serper-checked-10-results
2026-07-05T07:00:55Z,vacation rental Piteå,3,local_en,en,serper,-1,,serper-checked-10-results
2026-07-05T07:00:59Z,hotel Öjebyn,3,local_en,en,serper,-1,,serper-checked-9-results
2026-07-05T07:01:02Z,Piteå apartment short stay,3,local_en,en,serper,-1,,serper-checked-9-results
2026-07-05T07:01:06Z,Pite Havsbad accommodation,4,longtail,en,serper,-1,,serper-checked-8-results
2026-07-05T07:01:09Z,northern lights apartment Piteå,4,longtail,en,serper,-1,,serper-checked-9-results
2026-07-05T07:01:12Z,Luleå airport apartment rental,4,longtail,en,serper,-1,,serper-checked-9-results
2026-07-05T07:01:15Z,midnight sun stay Piteå,4,longtail,en,serper,-1,,serper-checked-9-results
2026-07-05T07:01:18Z,Markbygden wind park accommodation,4,longtail,en,serper,-1,,serper-checked-10-results
2026-07-05T07:01:22Z,appartement Piteå,5,local_other,fr,serper,-1,,serper-checked-9-results
2026-07-05T07:01:25Z,Ferienwohnung Piteå,5,local_other,de,serper,-1,,serper-checked-9-results
2026-07-12T07:56:49Z,Stations Hotellet,1,brand,sv,serper,-1,,serper-checked-10-results
2026-07-12T07:56:53Z,Stations Hotellet Öjebyn,1,brand,sv,serper,1,https://stationshotellet.com/sv/,serper-found-pos-1
2026-07-12T07:56:57Z,Stations Hotellet Piteå,1,brand,sv,serper,-1,,serper-checked-10-results
2026-07-12T07:57:00Z,stationshotellet.com,1,brand,any,serper,1,https://stationshotellet.com/,serper-found-pos-1
2026-07-12T07:57:04Z,boende Öjebyn,2,local_sv,sv,serper,-1,,serper-checked-10-results
2026-07-12T07:57:08Z,boende Piteå,2,local_sv,sv,serper,-1,,serper-checked-10-results
2026-07-12T07:57:11Z,lägenhet Piteå,2,local_sv,sv,serper,-1,,serper-checked-10-results
2026-07-12T07:57:14Z,lägenhet Öjebyn,2,local_sv,sv,serper,-1,,serper-checked-10-results
2026-07-12T07:57:18Z,billig övernattning Piteå,2,local_sv,sv,serper,-1,,serper-checked-10-results
2026-07-12T07:57:22Z,billigt boende Piteå,2,local_sv,sv,serper,-1,,serper-checked-10-results
2026-07-12T07:57:25Z,semesterboende Norrbotten,2,local_sv,sv,serper,-1,,serper-checked-9-results
2026-07-12T07:57:28Z,airbnb Öjebyn,2,local_sv,sv,serper,-1,,serper-checked-8-results
2026-07-12T07:57:31Z,rum att hyra Piteå,2,local_sv,sv,serper,-1,,serper-checked-9-results
2026-07-12T07:57:34Z,stuga Piteå,2,local_sv,sv,serper,-1,,serper-checked-10-results
2026-07-12T07:57:38Z,accommodation Öjebyn,3,local_en,en,serper,-1,,serper-checked-10-results
2026-07-12T07:57:42Z,apartment Piteå,3,local_en,en,serper,-1,,serper-checked-9-results
2026-07-12T07:57:45Z,vacation rental Piteå,3,local_en,en,serper,-1,,serper-checked-10-results
2026-07-12T07:57:49Z,hotel Öjebyn,3,local_en,en,serper,-1,,serper-checked-9-results
2026-07-12T07:57:52Z,Piteå apartment short stay,3,local_en,en,serper,-1,,serper-checked-9-results
2026-07-12T07:57:55Z,Pite Havsbad accommodation,4,longtail,en,serper,-1,,serper-checked-8-results
2026-07-12T07:57:59Z,northern lights apartment Piteå,4,longtail,en,serper,-1,,serper-checked-9-results
2026-07-12T07:58:03Z,Luleå airport apartment rental,4,longtail,en,serper,-1,,serper-checked-10-results
2026-07-12T07:58:06Z,midnight sun stay Piteå,4,longtail,en,serper,-1,,serper-checked-9-results
2026-07-12T07:58:09Z,Markbygden wind park accommodation,4,longtail,en,serper,-1,,serper-checked-10-results
2026-07-12T07:58:13Z,appartement Piteå,5,local_other,fr,serper,-1,,serper-checked-9-results
2026-07-12T07:58:16Z,Ferienwohnung Piteå,5,local_other,de,serper,-1,,serper-checked-10-results
2026-07-12T08:14:41Z,Stations Hotellet,1,brand,sv,serper,10,https://stationshotellet.com/sv/,serper-found-pos-10
2026-07-12T08:14:44Z,Stations Hotellet Öjebyn,1,brand,sv,serper,1,https://stationshotellet.com/sv/,serper-found-pos-1
2026-07-12T08:14:47Z,Stations Hotellet Piteå,1,brand,sv,serper,-1,,serper-checked-10-results
2026-07-12T08:14:50Z,stationshotellet.com,1,brand,any,serper,1,https://stationshotellet.com/sv/,serper-found-pos-1
2026-07-12T08:14:53Z,boende Öjebyn,2,local_sv,sv,serper,-1,,serper-checked-10-results
2026-07-12T08:14:57Z,boende Piteå,2,local_sv,sv,serper,-1,,serper-checked-10-results
2026-07-12T08:15:00Z,lägenhet Piteå,2,local_sv,sv,serper,-1,,serper-checked-10-results
2026-07-12T08:15:03Z,lägenhet Öjebyn,2,local_sv,sv,serper,-1,,serper-checked-10-results
2026-07-12T08:15:06Z,billig övernattning Piteå,2,local_sv,sv,serper,-1,,serper-checked-10-results
2026-07-12T08:15:10Z,billigt boende Piteå,2,local_sv,sv,serper,-1,,serper-checked-10-results
2026-07-12T08:15:14Z,semesterboende Norrbotten,2,local_sv,sv,serper,-1,,serper-checked-9-results
2026-07-12T08:15:17Z,airbnb Öjebyn,2,local_sv,sv,serper,-1,,serper-checked-9-results
2026-07-12T08:15:20Z,rum att hyra Piteå,2,local_sv,sv,serper,-1,,serper-checked-10-results
2026-07-12T08:15:23Z,stuga Piteå,2,local_sv,sv,serper,-1,,serper-checked-10-results
2026-07-12T08:15:27Z,accommodation Öjebyn,3,local_en,en,serper,-1,,serper-checked-10-results
2026-07-12T08:15:30Z,apartment Piteå,3,local_en,en,serper,-1,,serper-checked-10-results
2026-07-12T08:15:33Z,vacation rental Piteå,3,local_en,en,serper,-1,,serper-checked-10-results
2026-07-12T08:15:36Z,hotel Öjebyn,3,local_en,en,serper,-1,,serper-checked-9-results
2026-07-12T08:15:40Z,Piteå apartment short stay,3,local_en,en,serper,-1,,serper-checked-9-results
2026-07-12T08:15:43Z,Pite Havsbad accommodation,4,longtail,en,serper,-1,,serper-checked-8-results
2026-07-12T08:15:47Z,northern lights apartment Piteå,4,longtail,en,serper,-1,,serper-checked-9-results
2026-07-12T08:15:49Z,Luleå airport apartment rental,4,longtail,en,serper,-1,,serper-checked-9-results
2026-07-12T08:15:53Z,midnight sun stay Piteå,4,longtail,en,serper,-1,,serper-checked-9-results
2026-07-12T08:15:56Z,Markbygden wind park accommodation,4,longtail,en,serper,-1,,serper-checked-10-results
2026-07-12T08:15:59Z,appartement Piteå,5,local_other,fr,serper,-1,,serper-checked-10-results
2026-07-12T08:16:03Z,Ferienwohnung Piteå,5,local_other,de,serper,-1,,serper-checked-9-results
2026-07-19T07:00:01Z,Stations Hotellet,1,brand,sv,serper,-1,,serper-checked-9-results
2026-07-19T07:00:04Z,Stations Hotellet Öjebyn,1,brand,sv,serper,1,https://stationshotellet.com/sv/,serper-found-pos-1
2026-07-19T07:00:07Z,Stations Hotellet Piteå,1,brand,sv,serper,1,https://stationshotellet.com/sv/,serper-found-pos-1
2026-07-19T07:00:10Z,stationshotellet.com,1,brand,any,serper,1,https://stationshotellet.com/terms.html,serper-found-pos-1
2026-07-19T07:00:14Z,boende Öjebyn,2,local_sv,sv,serper,-1,,serper-checked-10-results
2026-07-19T07:00:17Z,boende Piteå,2,local_sv,sv,serper,-1,,serper-checked-10-results
2026-07-19T07:00:20Z,lägenhet Piteå,2,local_sv,sv,serper,-1,,serper-checked-10-results
2026-07-19T07:00:22Z,lägenhet Öjebyn,2,local_sv,sv,serper,-1,,serper-checked-10-results
2026-07-19T07:00:25Z,billig övernattning Piteå,2,local_sv,sv,serper,-1,,serper-checked-10-results
2026-07-19T07:00:29Z,billigt boende Piteå,2,local_sv,sv,serper,-1,,serper-checked-10-results
2026-07-19T07:00:33Z,semesterboende Norrbotten,2,local_sv,sv,serper,-1,,serper-checked-9-results
2026-07-19T07:00:36Z,airbnb Öjebyn,2,local_sv,sv,serper,-1,,serper-checked-9-results
2026-07-19T07:00:39Z,rum att hyra Piteå,2,local_sv,sv,serper,-1,,serper-checked-9-results
2026-07-19T07:00:42Z,stuga Piteå,2,local_sv,sv,serper,-1,,serper-checked-10-results
2026-07-19T07:00:45Z,accommodation Öjebyn,3,local_en,en,serper,3,https://stationshotellet.com/sv/,serper-found-pos-3
2026-07-19T07:00:48Z,apartment Piteå,3,local_en,en,serper,-1,,serper-checked-10-results
2026-07-19T07:00:51Z,vacation rental Piteå,3,local_en,en,serper,-1,,serper-checked-10-results
2026-07-19T07:00:54Z,hotel Öjebyn,3,local_en,en,serper,-1,,serper-checked-9-results
2026-07-19T07:00:57Z,Piteå apartment short stay,3,local_en,en,serper,-1,,serper-checked-10-results
2026-07-19T07:01:00Z,Pite Havsbad accommodation,4,longtail,en,serper,-1,,serper-checked-8-results
2026-07-19T07:01:04Z,northern lights apartment Piteå,4,longtail,en,serper,-1,,serper-checked-9-results
2026-07-19T07:01:07Z,Luleå airport apartment rental,4,longtail,en,serper,-1,,serper-checked-9-results
2026-07-19T07:01:10Z,midnight sun stay Piteå,4,longtail,en,serper,-1,,serper-checked-9-results
2026-07-19T07:01:15Z,Markbygden wind park accommodation,4,longtail,en,serper,-1,,serper-checked-7-results
2026-07-19T07:01:17Z,appartement Piteå,5,local_other,fr,serper,-1,,serper-checked-9-results
2026-07-19T07:01:20Z,Ferienwohnung Piteå,5,local_other,de,serper,-1,,serper-checked-8-results
2026-07-26T07:00:03Z,Stations Hotellet,1,brand,sv,serper,-1,,serper-checked-7-results
2026-07-26T07:00:06Z,Stations Hotellet Öjebyn,1,brand,sv,serper,1,https://stationshotellet.com/sv/,serper-found-pos-1
2026-07-26T07:00:10Z,Stations Hotellet Piteå,1,brand,sv,serper,6,https://stationshotellet.com/sv/,serper-found-pos-6
2026-07-26T07:00:13Z,stationshotellet.com,1,brand,any,serper,1,https://stationshotellet.com/terms.html,serper-found-pos-1
2026-07-26T07:00:18Z,boende Öjebyn,2,local_sv,sv,serper,-1,,serper-checked-10-results
2026-07-26T07:00:22Z,boende Piteå,2,local_sv,sv,serper,-1,,serper-checked-10-results
2026-07-26T07:00:25Z,lägenhet Piteå,2,local_sv,sv,serper,-1,,serper-checked-10-results
2026-07-26T07:00:28Z,lägenhet Öjebyn,2,local_sv,sv,serper,-1,,serper-checked-10-results
2026-07-26T07:00:31Z,billig övernattning Piteå,2,local_sv,sv,serper,-1,,serper-checked-10-results
2026-07-26T07:00:34Z,billigt boende Piteå,2,local_sv,sv,serper,-1,,serper-checked-7-results
2026-07-26T07:00:37Z,semesterboende Norrbotten,2,local_sv,sv,serper,-1,,serper-checked-9-results
2026-07-26T07:00:40Z,airbnb Öjebyn,2,local_sv,sv,serper,-1,,serper-checked-8-results
2026-07-26T07:00:43Z,rum att hyra Piteå,2,local_sv,sv,serper,-1,,serper-checked-9-results
2026-07-26T07:00:47Z,stuga Piteå,2,local_sv,sv,serper,-1,,serper-checked-7-results
2026-07-26T07:00:50Z,accommodation Öjebyn,3,local_en,en,serper,9,https://stationshotellet.com/sv/,serper-found-pos-9
2026-07-26T07:00:53Z,apartment Piteå,3,local_en,en,serper,-1,,serper-checked-10-results
2026-07-26T07:00:55Z,vacation rental Piteå,3,local_en,en,serper,-1,,serper-checked-9-results
2026-07-26T07:00:59Z,hotel Öjebyn,3,local_en,en,serper,-1,,serper-checked-9-results
2026-07-26T07:01:02Z,Piteå apartment short stay,3,local_en,en,serper,4,https://stationshotellet.com/,serper-found-pos-4
2026-07-26T07:01:06Z,Pite Havsbad accommodation,4,longtail,en,serper,-1,,serper-checked-9-results
2026-07-26T07:01:09Z,northern lights apartment Piteå,4,longtail,en,serper,6,https://stationshotellet.com/,serper-found-pos-6
2026-07-26T07:01:12Z,Luleå airport apartment rental,4,longtail,en,serper,-1,,serper-checked-9-results
2026-07-26T07:01:16Z,midnight sun stay Piteå,4,longtail,en,serper,-1,,serper-checked-9-results
2026-07-26T07:01:19Z,Markbygden wind park accommodation,4,longtail,en,serper,-1,,serper-checked-9-results
2026-07-26T07:01:22Z,appartement Piteå,5,local_other,fr,serper,-1,,serper-checked-10-results
2026-07-26T07:01:25Z,Ferienwohnung Piteå,5,local_other,de,serper,-1,,serper-checked-10-results
2026-07-31T14:36:39Z,Stations Hotellet,1,brand,sv,serper,-1,,serper-checked-9-results
2026-07-31T14:36:42Z,Stations Hotellet Öjebyn,1,brand,sv,serper,1,https://stationshotellet.com/sv/,serper-found-pos-1
2026-07-31T14:36:46Z,Stations Hotellet Piteå,1,brand,sv,serper,7,https://stationshotellet.com/sv/,serper-found-pos-7
2026-07-31T14:36:49Z,stationshotellet.com,1,brand,any,serper,1,https://stationshotellet.com/sv/,serper-found-pos-1
2026-07-31T14:36:52Z,boende Öjebyn,2,local_sv,sv,serper,-1,,serper-checked-7-results
2026-07-31T14:36:55Z,boende Piteå,2,local_sv,sv,serper,-1,,serper-checked-10-results
2026-07-31T14:36:58Z,lägenhet Piteå,2,local_sv,sv,serper,-1,,serper-checked-10-results
2026-07-31T14:37:01Z,lägenhet Öjebyn,2,local_sv,sv,serper,-1,,serper-checked-10-results
2026-07-31T14:37:04Z,billig övernattning Piteå,2,local_sv,sv,serper,-1,,serper-checked-10-results
2026-07-31T14:37:08Z,billigt boende Piteå,2,local_sv,sv,serper,-1,,serper-checked-7-results
2026-07-31T14:37:11Z,semesterboende Norrbotten,2,local_sv,sv,serper,-1,,serper-checked-9-results
2026-07-31T14:37:13Z,airbnb Öjebyn,2,local_sv,sv,serper,-1,,serper-checked-8-results
2026-07-31T14:37:17Z,rum att hyra Piteå,2,local_sv,sv,serper,-1,,serper-checked-9-results
2026-07-31T14:37:20Z,stuga Piteå,2,local_sv,sv,serper,-1,,serper-checked-7-results
2026-07-31T14:37:23Z,accommodation Öjebyn,3,local_en,en,serper,10,https://stationshotellet.com/sv/,serper-found-pos-10
2026-07-31T14:37:26Z,apartment Piteå,3,local_en,en,serper,-1,,serper-checked-10-results
2026-07-31T14:37:29Z,vacation rental Piteå,3,local_en,en,serper,-1,,serper-checked-10-results
2026-07-31T14:37:31Z,hotel Öjebyn,3,local_en,en,serper,-1,,serper-checked-9-results
2026-07-31T14:37:34Z,Piteå apartment short stay,3,local_en,en,serper,-1,,serper-checked-9-results
2026-07-31T14:37:37Z,Pite Havsbad accommodation,4,longtail,en,serper,-1,,serper-checked-8-results
2026-07-31T14:37:40Z,northern lights apartment Piteå,4,longtail,en,serper,3,https://stationshotellet.com/,serper-found-pos-3
2026-07-31T14:37:44Z,Luleå airport apartment rental,4,longtail,en,serper,-1,,serper-checked-9-results
2026-07-31T14:37:47Z,midnight sun stay Piteå,4,longtail,en,serper,-1,,serper-checked-9-results
2026-07-31T14:37:50Z,Markbygden wind park accommodation,4,longtail,en,serper,-1,,serper-checked-9-results
2026-07-31T14:37:53Z,appartement Piteå,5,local_other,fr,serper,-1,,serper-checked-10-results
2026-07-31T14:37:56Z,Ferienwohnung Piteå,5,local_other,de,serper,-1,,serper-checked-10-results
2026-08-02T07:00:01Z,Stations Hotellet,1,brand,sv,serper,-1,,serper-checked-9-results
2026-08-02T07:00:05Z,Stations Hotellet Öjebyn,1,brand,sv,serper,1,https://stationshotellet.com/sv/,serper-found-pos-1
2026-08-02T07:00:08Z,Stations Hotellet Piteå,1,brand,sv,serper,6,https://stationshotellet.com/sv/,serper-found-pos-6
2026-08-02T07:00:11Z,stationshotellet.com,1,brand,any,serper,1,https://stationshotellet.com/,serper-found-pos-1
2026-08-02T07:00:14Z,boende Öjebyn,2,local_sv,sv,serper,-1,,serper-checked-10-results
2026-08-02T07:00:17Z,boende Piteå,2,local_sv,sv,serper,-1,,serper-checked-10-results
2026-08-02T07:00:20Z,lägenhet Piteå,2,local_sv,sv,serper,-1,,serper-checked-10-results
2026-08-02T07:00:23Z,lägenhet Öjebyn,2,local_sv,sv,serper,-1,,serper-checked-10-results
2026-08-02T07:00:26Z,billig övernattning Piteå,2,local_sv,sv,serper,-1,,serper-checked-10-results
2026-08-02T07:00:29Z,övernattning Piteå,2,local_sv,sv,serper,-1,,serper-checked-10-results
2026-08-02T07:00:32Z,billigt boende Piteå,2,local_sv,sv,serper,-1,,serper-checked-10-results
2026-08-02T07:00:35Z,semesterboende Norrbotten,2,local_sv,sv,serper,-1,,serper-checked-9-results
2026-08-02T07:00:38Z,airbnb Öjebyn,2,local_sv,sv,serper,-1,,serper-checked-8-results
2026-08-02T07:00:41Z,rum att hyra Piteå,2,local_sv,sv,serper,-1,,serper-checked-9-results
2026-08-02T07:00:43Z,stuga Piteå,2,local_sv,sv,serper,-1,,serper-checked-10-results
2026-08-02T07:00:46Z,accommodation Öjebyn,3,local_en,en,serper,-1,,serper-checked-9-results
2026-08-02T07:00:49Z,apartment Piteå,3,local_en,en,serper,-1,,serper-checked-10-results
2026-08-02T07:00:52Z,vacation rental Piteå,3,local_en,en,serper,-1,,serper-checked-10-results
2026-08-02T07:00:56Z,hotel Öjebyn,3,local_en,en,serper,-1,,serper-checked-9-results
2026-08-02T07:00:58Z,Piteå apartment short stay,3,local_en,en,serper,-1,,serper-checked-10-results
2026-08-02T07:01:02Z,Pite Havsbad accommodation,4,longtail,en,serper,-1,,serper-checked-9-results
2026-08-02T07:01:05Z,northern lights apartment Piteå,4,longtail,en,serper,3,https://stationshotellet.com/,serper-found-pos-3
2026-08-02T07:01:07Z,Luleå airport apartment rental,4,longtail,en,serper,-1,,serper-checked-10-results
2026-08-02T07:01:11Z,midnight sun stay Piteå,4,longtail,en,serper,-1,,serper-checked-9-results
2026-08-02T07:01:14Z,Markbygden wind park accommodation,4,longtail,en,serper,-1,,serper-checked-9-results
2026-08-02T07:01:17Z,appartement Piteå,5,local_other,fr,serper,-1,,serper-checked-10-results
2026-08-02T07:01:20Z,Ferienwohnung Piteå,5,local_other,de,serper,-1,,serper-checked-10-results
2026-08-02T07:01:23Z,Übernachtung Piteå,5,local_other,de,serper,-1,,serper-checked-9-results
2026-08-02T07:01:27Z,nocleg Piteå,5,local_other,pl,serper,-1,,serper-checked-10-results
2026-08-09T07:00:02Z,Stations Hotellet,1,brand,sv,serper,-1,,serper-checked-9-results
2026-08-09T07:00:05Z,Stations Hotellet Öjebyn,1,brand,sv,serper,1,https://stationshotellet.com/sv/,serper-found-pos-1
2026-08-09T07:00:09Z,Stations Hotellet Piteå,1,brand,sv,serper,5,https://stationshotellet.com/sv/,serper-found-pos-5
2026-08-09T07:00:12Z,stationshotellet.com,1,brand,any,serper,1,https://stationshotellet.com/,serper-found-pos-1
2026-08-09T07:00:15Z,boende Öjebyn,2,local_sv,sv,serper,-1,,serper-checked-10-results
2026-08-09T07:00:19Z,boende Piteå,2,local_sv,sv,serper,-1,,serper-checked-10-results
2026-08-09T07:00:23Z,lägenhet Piteå,2,local_sv,sv,serper,-1,,serper-checked-10-results
2026-08-09T07:00:26Z,lägenhet Öjebyn,2,local_sv,sv,serper,-1,,serper-checked-10-results
2026-08-09T07:00:30Z,billig övernattning Piteå,2,local_sv,sv,serper,-1,,serper-checked-10-results
2026-08-09T07:00:33Z,övernattning Piteå,2,local_sv,sv,serper,-1,,serper-checked-10-results
2026-08-09T07:00:37Z,billigt boende Piteå,2,local_sv,sv,serper,-1,,serper-checked-10-results
2026-08-09T07:00:40Z,semesterboende Norrbotten,2,local_sv,sv,serper,-1,,serper-checked-9-results
2026-08-09T07:00:43Z,airbnb Öjebyn,2,local_sv,sv,serper,-1,,serper-checked-8-results
2026-08-09T07:00:47Z,rum att hyra Piteå,2,local_sv,sv,serper,-1,,serper-checked-9-results
2026-08-09T07:00:50Z,stuga Piteå,2,local_sv,sv,serper,-1,,serper-checked-10-results
2026-08-09T07:00:53Z,accommodation Öjebyn,3,local_en,en,serper,-1,,serper-checked-7-results
2026-08-09T07:00:56Z,apartment Piteå,3,local_en,en,serper,-1,,serper-checked-10-results
2026-08-09T07:01:00Z,vacation rental Piteå,3,local_en,en,serper,-1,,serper-checked-10-results
2026-08-09T07:01:05Z,hotel Öjebyn,3,local_en,en,serper,-1,,serper-checked-9-results
2026-08-09T07:01:08Z,Piteå apartment short stay,3,local_en,en,serper,-1,,serper-checked-10-results
2026-08-09T07:01:11Z,Pite Havsbad accommodation,4,longtail,en,serper,-1,,serper-checked-8-results
2026-08-09T07:01:14Z,northern lights apartment Piteå,4,longtail,en,serper,4,https://stationshotellet.com/,serper-found-pos-4
2026-08-09T07:01:17Z,Luleå airport apartment rental,4,longtail,en,serper,-1,,serper-checked-9-results
2026-08-09T07:01:20Z,midnight sun stay Piteå,4,longtail,en,serper,-1,,serper-checked-9-results
2026-08-09T07:01:24Z,Markbygden wind park accommodation,4,longtail,en,serper,-1,,serper-checked-9-results
2026-08-09T07:01:27Z,appartement Piteå,5,local_other,fr,serper,-1,,serper-checked-10-results
2026-08-09T07:01:31Z,Ferienwohnung Piteå,5,local_other,de,serper,-1,,serper-checked-9-results
2026-08-09T07:01:35Z,Übernachtung Piteå,5,local_other,de,serper,-1,,serper-checked-10-results
2026-08-09T07:01:39Z,nocleg Piteå,5,local_other,pl,serper,-1,,serper-checked-7-results
2026-08-16T07:00:02Z,Stations Hotellet,1,brand,sv,serper,-1,,serper-checked-9-results
2026-08-16T07:00:06Z,Stations Hotellet Öjebyn,1,brand,sv,serper,1,https://stationshotellet.com/sv/,serper-found-pos-1
2026-08-16T07:00:10Z,Stations Hotellet Piteå,1,brand,sv,serper,5,https://stationshotellet.com/sv/,serper-found-pos-5
2026-08-16T07:00:12Z,stationshotellet.com,1,brand,any,serper,1,https://stationshotellet.com/,serper-found-pos-1
2026-08-16T07:00:16Z,boende Öjebyn,2,local_sv,sv,serper,-1,,serper-checked-10-results
2026-08-16T07:00:20Z,boende Piteå,2,local_sv,sv,serper,-1,,serper-checked-10-results
2026-08-16T07:00:22Z,lägenhet Piteå,2,local_sv,sv,serper,-1,,serper-checked-10-results
2026-08-16T07:00:25Z,lägenhet Öjebyn,2,local_sv,sv,serper,-1,,serper-checked-10-results
2026-08-16T07:00:29Z,billig övernattning Piteå,2,local_sv,sv,serper,-1,,serper-checked-10-results
2026-08-16T07:00:33Z,övernattning Piteå,2,local_sv,sv,serper,-1,,serper-checked-10-results
2026-08-16T07:00:37Z,billigt boende Piteå,2,local_sv,sv,serper,-1,,serper-checked-10-results
2026-08-16T07:00:40Z,semesterboende Norrbotten,2,local_sv,sv,serper,-1,,serper-checked-10-results
2026-08-16T07:00:43Z,airbnb Öjebyn,2,local_sv,sv,serper,-1,,serper-checked-8-results
2026-08-16T07:00:47Z,rum att hyra Piteå,2,local_sv,sv,serper,-1,,serper-checked-9-results
2026-08-16T07:00:50Z,stuga Piteå,2,local_sv,sv,serper,-1,,serper-checked-10-results
2026-08-16T07:00:54Z,accommodation Öjebyn,3,local_en,en,serper,9,https://stationshotellet.com/sv/,serper-found-pos-9
2026-08-16T07:00:58Z,apartment Piteå,3,local_en,en,serper,-1,,serper-checked-10-results
2026-08-16T07:01:01Z,vacation rental Piteå,3,local_en,en,serper,-1,,serper-checked-10-results
2026-08-16T07:01:05Z,hotel Öjebyn,3,local_en,en,serper,-1,,serper-checked-9-results
2026-08-16T07:01:08Z,Piteå apartment short stay,3,local_en,en,serper,8,https://stationshotellet.com/,serper-found-pos-8
2026-08-16T07:01:12Z,Pite Havsbad accommodation,4,longtail,en,serper,-1,,serper-checked-8-results
2026-08-16T07:01:16Z,northern lights apartment Piteå,4,longtail,en,serper,2,https://stationshotellet.com/,serper-found-pos-2
2026-08-16T07:01:19Z,Luleå airport apartment rental,4,longtail,en,serper,-1,,serper-checked-9-results
2026-08-16T07:01:22Z,midnight sun stay Piteå,4,longtail,en,serper,-1,,serper-checked-9-results
2026-08-16T07:01:25Z,Markbygden wind park accommodation,4,longtail,en,serper,-1,,serper-checked-9-results
2026-08-16T07:01:29Z,appartement Piteå,5,local_other,fr,serper,-1,,serper-checked-9-results
2026-08-16T07:01:33Z,Ferienwohnung Piteå,5,local_other,de,serper,-1,,serper-checked-8-results
2026-08-16T07:01:37Z,Übernachtung Piteå,5,local_other,de,serper,-1,,serper-checked-10-results
2026-08-16T07:01:40Z,nocleg Piteå,5,local_other,pl,serper,-1,,serper-checked-7-results
2026-08-23T07:00:02Z,Stations Hotellet,1,brand,sv,serper,-1,,serper-checked-9-results
2026-08-23T07:00:06Z,Stations Hotellet Öjebyn,1,brand,sv,serper,1,https://stationshotellet.com/sv/,serper-found-pos-1
2026-08-23T07:00:09Z,Stations Hotellet Piteå,1,brand,sv,serper,5,https://stationshotellet.com/sv/,serper-found-pos-5
2026-08-23T07:00:12Z,stationshotellet.com,1,brand,any,serper,1,https://stationshotellet.com/,serper-found-pos-1
2026-08-23T07:00:16Z,boende Öjebyn,2,local_sv,sv,serper,-1,,serper-checked-10-results
2026-08-23T07:00:20Z,boende Piteå,2,local_sv,sv,serper,-1,,serper-checked-10-results
2026-08-23T07:00:23Z,lägenhet Piteå,2,local_sv,sv,serper,-1,,serper-checked-10-results
2026-08-23T07:00:27Z,lägenhet Öjebyn,2,local_sv,sv,serper,-1,,serper-checked-10-results
2026-08-23T07:00:30Z,billig övernattning Piteå,2,local_sv,sv,serper,-1,,serper-checked-7-results
2026-08-23T07:00:33Z,övernattning Piteå,2,local_sv,sv,serper,-1,,serper-checked-7-results
2026-08-23T07:00:37Z,billigt boende Piteå,2,local_sv,sv,serper,-1,,serper-checked-10-results
2026-08-23T07:00:40Z,semesterboende Norrbotten,2,local_sv,sv,serper,-1,,serper-checked-9-results
2026-08-23T07:00:44Z,airbnb Öjebyn,2,local_sv,sv,serper,-1,,serper-checked-9-results
2026-08-23T07:00:47Z,rum att hyra Piteå,2,local_sv,sv,serper,-1,,serper-checked-9-results
2026-08-23T07:00:50Z,stuga Piteå,2,local_sv,sv,serper,-1,,serper-checked-10-results
2026-08-23T07:00:54Z,accommodation Öjebyn,3,local_en,en,serper,6,https://stationshotellet.com/sv/,serper-found-pos-6
2026-08-23T07:00:58Z,apartment Piteå,3,local_en,en,serper,-1,,serper-checked-9-results
2026-08-23T07:01:01Z,vacation rental Piteå,3,local_en,en,serper,-1,,serper-checked-10-results
2026-08-23T07:01:05Z,hotel Öjebyn,3,local_en,en,serper,-1,,serper-checked-9-results
2026-08-23T07:01:08Z,Piteå apartment short stay,3,local_en,en,serper,5,https://stationshotellet.com/,serper-found-pos-5
2026-08-23T07:01:11Z,Pite Havsbad accommodation,4,longtail,en,serper,-1,,serper-checked-8-results
2026-08-23T07:01:15Z,northern lights apartment Piteå,4,longtail,en,serper,-1,,serper-checked-9-results
2026-08-23T07:01:18Z,Luleå airport apartment rental,4,longtail,en,serper,-1,,serper-checked-9-results
2026-08-23T07:01:21Z,midnight sun stay Piteå,4,longtail,en,serper,-1,,serper-checked-9-results
2026-08-23T07:01:24Z,Markbygden wind park accommodation,4,longtail,en,serper,-1,,serper-checked-9-results
2026-08-23T07:01:28Z,appartement Piteå,5,local_other,fr,serper,-1,,serper-checked-9-results
2026-08-23T07:01:31Z,Ferienwohnung Piteå,5,local_other,de,serper,-1,,serper-checked-8-results
2026-08-23T07:01:35Z,Übernachtung Piteå,5,local_other,de,serper,-1,,serper-checked-8-results
2026-08-23T07:01:39Z,nocleg Piteå,5,local_other,pl,serper,-1,,serper-checked-10-results
2026-08-30T07:00:02Z,Stations Hotellet,1,brand,sv,serper,-1,,serper-checked-9-results
2026-08-30T07:00:06Z,Stations Hotellet Öjebyn,1,brand,sv,serper,1,https://stationshotellet.com/sv/,serper-found-pos-1
2026-08-30T07:00:09Z,Stations Hotellet Piteå,1,brand,sv,serper,5,https://stationshotellet.com/sv/,serper-found-pos-5
2026-08-30T07:00:12Z,stationshotellet.com,1,brand,any,serper,1,https://stationshotellet.com/,serper-found-pos-1
2026-08-30T07:00:17Z,boende Öjebyn,2,local_sv,sv,serper,-1,,serper-checked-10-results
2026-08-30T07:00:21Z,boende Piteå,2,local_sv,sv,serper,-1,,serper-checked-10-results
2026-08-30T07:00:24Z,lägenhet Piteå,2,local_sv,sv,serper,-1,,serper-checked-10-results
2026-08-30T07:00:27Z,lägenhet Öjebyn,2,local_sv,sv,serper,-1,,serper-checked-10-results
2026-08-30T07:00:30Z,billig övernattning Piteå,2,local_sv,sv,serper,-1,,serper-checked-10-results
2026-08-30T07:00:34Z,övernattning Piteå,2,local_sv,sv,serper,-1,,serper-checked-10-results
2026-08-30T07:00:38Z,billigt boende Piteå,2,local_sv,sv,serper,-1,,serper-checked-10-results
2026-08-30T07:00:41Z,semesterboende Norrbotten,2,local_sv,sv,serper,-1,,serper-checked-9-results
2026-08-30T07:00:45Z,airbnb Öjebyn,2,local_sv,sv,serper,-1,,serper-checked-9-results
2026-08-30T07:00:48Z,rum att hyra Piteå,2,local_sv,sv,serper,-1,,serper-checked-9-results
2026-08-30T07:00:51Z,stuga Piteå,2,local_sv,sv,serper,-1,,serper-checked-10-results
2026-08-30T07:00:54Z,accommodation Öjebyn,3,local_en,en,serper,5,https://stationshotellet.com/sv/,serper-found-pos-5
2026-08-30T07:00:58Z,apartment Piteå,3,local_en,en,serper,-1,,serper-checked-9-results
2026-08-30T07:01:02Z,vacation rental Piteå,3,local_en,en,serper,-1,,serper-checked-10-results
2026-08-30T07:01:06Z,hotel Öjebyn,3,local_en,en,serper,-1,,serper-checked-9-results
2026-08-30T07:01:09Z,Piteå apartment short stay,3,local_en,en,serper,5,https://stationshotellet.com/,serper-found-pos-5
2026-08-30T07:01:13Z,Pite Havsbad accommodation,4,longtail,en,serper,-1,,serper-checked-8-results
2026-08-30T07:01:16Z,northern lights apartment Piteå,4,longtail,en,serper,-1,,serper-checked-9-results
2026-08-30T07:01:19Z,Luleå airport apartment rental,4,longtail,en,serper,-1,,serper-checked-9-results
2026-08-30T07:01:23Z,midnight sun stay Piteå,4,longtail,en,serper,-1,,serper-checked-8-results
2026-08-30T07:01:26Z,Markbygden wind park accommodation,4,longtail,en,serper,-1,,serper-checked-9-results
2026-08-30T07:01:29Z,appartement Piteå,5,local_other,fr,serper,-1,,serper-checked-10-results
2026-08-30T07:01:32Z,Ferienwohnung Piteå,5,local_other,de,serper,-1,,serper-checked-8-results
2026-08-30T07:01:35Z,Übernachtung Piteå,5,local_other,de,serper,-1,,serper-checked-10-results
2026-08-30T07:01:39Z,nocleg Piteå,5,local_other,pl,serper,-1,,serper-checked-10-results
2026-09-06T07:00:03Z,Stations Hotellet,1,brand,sv,serper,-1,,serper-checked-10-results
2026-09-06T07:00:06Z,Stations Hotellet Öjebyn,1,brand,sv,serper,1,https://stationshotellet.com/sv/,serper-found-pos-1
2026-09-06T07:00:11Z,Stations Hotellet Piteå,1,brand,sv,serper,2,https://stationshotellet.com/sv/,serper-found-pos-2
2026-09-06T07:00:13Z,stationshotellet.com,1,brand,any,serper,1,https://stationshotellet.com/,serper-found-pos-1
2026-09-06T07:00:17Z,boende Öjebyn,2,local_sv,sv,serper,8,https://stationshotellet.com/sv/,serper-found-pos-8
2026-09-06T07:00:21Z,boende Piteå,2,local_sv,sv,serper,-1,,serper-checked-10-results
2026-09-06T07:00:24Z,lägenhet Piteå,2,local_sv,sv,serper,-1,,serper-checked-10-results
2026-09-06T07:00:28Z,lägenhet Öjebyn,2,local_sv,sv,serper,-1,,serper-checked-9-results
2026-09-06T07:00:31Z,billig övernattning Piteå,2,local_sv,sv,serper,-1,,serper-checked-10-results
2026-09-06T07:00:34Z,övernattning Piteå,2,local_sv,sv,serper,-1,,serper-checked-10-results
2026-09-06T07:00:38Z,billigt boende Piteå,2,local_sv,sv,serper,-1,,serper-checked-10-results
2026-09-06T07:00:41Z,semesterboende Norrbotten,2,local_sv,sv,serper,-1,,serper-checked-9-results
2026-09-06T07:00:45Z,airbnb Öjebyn,2,local_sv,sv,serper,-1,,serper-checked-9-results
2026-09-06T07:00:48Z,rum att hyra Piteå,2,local_sv,sv,serper,-1,,serper-checked-9-results
2026-09-06T07:00:52Z,stuga Piteå,2,local_sv,sv,serper,-1,,serper-checked-10-results
2026-09-06T07:00:58Z,accommodation Öjebyn,3,local_en,en,serper,6,https://stationshotellet.com/sv/,serper-found-pos-6
2026-09-06T07:01:01Z,apartment Piteå,3,local_en,en,serper,-1,,serper-checked-9-results
2026-09-06T07:01:06Z,vacation rental Piteå,3,local_en,en,serper,-1,,serper-checked-10-results
2026-09-06T07:01:09Z,hotel Öjebyn,3,local_en,en,serper,9,https://stationshotellet.com/sv/,serper-found-pos-9
2026-09-06T07:01:13Z,Piteå apartment short stay,3,local_en,en,serper,4,https://stationshotellet.com/sv/,serper-found-pos-4
2026-09-06T07:01:16Z,Pite Havsbad accommodation,4,longtail,en,serper,-1,,serper-checked-8-results
2026-09-06T07:01:21Z,northern lights apartment Piteå,4,longtail,en,serper,1,https://stationshotellet.com/,serper-found-pos-1
2026-09-06T07:01:25Z,Luleå airport apartment rental,4,longtail,en,serper,-1,,serper-checked-9-results
2026-09-06T07:01:29Z,midnight sun stay Piteå,4,longtail,en,serper,8,https://stationshotellet.com/,serper-found-pos-8
2026-09-06T07:01:33Z,Markbygden wind park accommodation,4,longtail,en,serper,-1,,serper-checked-9-results
2026-09-06T07:01:37Z,appartement Piteå,5,local_other,fr,serper,-1,,serper-checked-10-results
2026-09-06T07:01:42Z,Ferienwohnung Piteå,5,local_other,de,serper,-1,,serper-checked-9-results
2026-09-06T07:01:47Z,Übernachtung Piteå,5,local_other,de,serper,-1,,serper-checked-10-results
2026-09-06T07:01:51Z,nocleg Piteå,5,local_other,pl,serper,-1,,serper-checked-10-results
2026-09-13T07:00:03Z,Stations Hotellet,1,brand,sv,serper,-1,,serper-checked-8-results
2026-09-13T07:00:06Z,Stations Hotellet Öjebyn,1,brand,sv,serper,1,https://stationshotellet.com/sv/,serper-found-pos-1
2026-09-13T07:00:11Z,Stations Hotellet Piteå,1,brand,sv,serper,5,https://stationshotellet.com/sv/,serper-found-pos-5
2026-09-13T07:00:14Z,stationshotellet.com,1,brand,any,serper,1,https://stationshotellet.com/,serper-found-pos-1
2026-09-13T07:00:17Z,boende Öjebyn,2,local_sv,sv,serper,-1,,serper-checked-7-results
2026-09-13T07:00:21Z,boende Piteå,2,local_sv,sv,serper,-1,,serper-checked-10-results
2026-09-13T07:00:25Z,lägenhet Piteå,2,local_sv,sv,serper,-1,,serper-checked-10-results
2026-09-13T07:00:29Z,lägenhet Öjebyn,2,local_sv,sv,serper,-1,,serper-checked-10-results
2026-09-13T07:00:33Z,billig övernattning Piteå,2,local_sv,sv,serper,-1,,serper-checked-7-results
2026-09-13T07:00:36Z,övernattning Piteå,2,local_sv,sv,serper,-1,,serper-checked-10-results
2026-09-13T07:00:40Z,billigt boende Piteå,2,local_sv,sv,serper,-1,,serper-checked-7-results
2026-09-13T07:00:44Z,semesterboende Norrbotten,2,local_sv,sv,serper,-1,,serper-checked-9-results
2026-09-13T07:00:47Z,airbnb Öjebyn,2,local_sv,sv,serper,-1,,serper-checked-8-results
2026-09-13T07:00:51Z,rum att hyra Piteå,2,local_sv,sv,serper,-1,,serper-checked-9-results
2026-09-13T07:00:55Z,stuga Piteå,2,local_sv,sv,serper,-1,,serper-checked-10-results
2026-09-13T07:00:59Z,accommodation Öjebyn,3,local_en,en,serper,5,https://stationshotellet.com/sv/,serper-found-pos-5
2026-09-13T07:01:02Z,apartment Piteå,3,local_en,en,serper,-1,,serper-checked-10-results
2026-09-13T07:01:05Z,vacation rental Piteå,3,local_en,en,serper,-1,,serper-checked-8-results
2026-09-13T07:01:09Z,hotel Öjebyn,3,local_en,en,serper,-1,,serper-checked-9-results
2026-09-13T07:01:13Z,Piteå apartment short stay,3,local_en,en,serper,2,https://stationshotellet.com/sv/,serper-found-pos-2
2026-09-13T07:01:17Z,Pite Havsbad accommodation,4,longtail,en,serper,-1,,serper-checked-8-results
2026-09-13T07:01:21Z,northern lights apartment Piteå,4,longtail,en,serper,1,https://stationshotellet.com/,serper-found-pos-1
2026-09-13T07:01:24Z,Luleå airport apartment rental,4,longtail,en,serper,-1,,serper-checked-9-results
2026-09-13T07:01:28Z,midnight sun stay Piteå,4,longtail,en,serper,-1,,serper-checked-9-results
2026-09-13T07:01:32Z,Markbygden wind park accommodation,4,longtail,en,serper,-1,,serper-checked-9-results
2026-09-13T07:01:36Z,appartement Piteå,5,local_other,fr,serper,-1,,serper-checked-10-results
2026-09-13T07:01:40Z,Ferienwohnung Piteå,5,local_other,de,serper,-1,,serper-checked-5-results
2026-09-13T07:01:43Z,Übernachtung Piteå,5,local_other,de,serper,-1,,serper-checked-10-results
2026-09-13T07:01:49Z,nocleg Piteå,5,local_other,pl,serper,-1,,serper-checked-10-results
2026-09-20T07:00:02Z,Stations Hotellet,1,brand,sv,serper,-1,,serper-checked-9-results
2026-09-20T07:00:06Z,Stations Hotellet Öjebyn,1,brand,sv,serper,1,https://stationshotellet.com/sv/,serper-found-pos-1
2026-09-20T07:00:10Z,Stations Hotellet Piteå,1,brand,sv,serper,2,https://stationshotellet.com/sv/,serper-found-pos-2
2026-09-20T07:00:13Z,stationshotellet.com,1,brand,any,serper,1,https://stationshotellet.com/,serper-found-pos-1
2026-09-20T07:00:17Z,boende Öjebyn,2,local_sv,sv,serper,-1,,serper-checked-10-results
2026-09-20T07:00:20Z,boende Piteå,2,local_sv,sv,serper,-1,,serper-checked-7-results
2026-09-20T07:00:23Z,lägenhet Piteå,2,local_sv,sv,serper,-1,,serper-checked-10-results
2026-09-20T07:00:27Z,lägenhet Öjebyn,2,local_sv,sv,serper,-1,,serper-checked-10-results
2026-09-20T07:00:33Z,billig övernattning Piteå,2,local_sv,sv,serper,-1,,serper-checked-7-results
2026-09-20T07:00:36Z,övernattning Piteå,2,local_sv,sv,serper,-1,,serper-checked-7-results
2026-09-20T07:00:40Z,billigt boende Piteå,2,local_sv,sv,serper,-1,,serper-checked-7-results
2026-09-20T07:00:45Z,semesterboende Norrbotten,2,local_sv,sv,serper,-1,,serper-checked-9-results
2026-09-20T07:00:48Z,airbnb Öjebyn,2,local_sv,sv,serper,5,https://stationshotellet.com/sv/,serper-found-pos-5
2026-09-20T07:00:52Z,rum att hyra Piteå,2,local_sv,sv,serper,-1,,serper-checked-9-results
2026-09-20T07:00:55Z,stuga Piteå,2,local_sv,sv,serper,-1,,serper-checked-7-results
2026-09-20T07:00:58Z,accommodation Öjebyn,3,local_en,en,serper,4,https://stationshotellet.com/sv/,serper-found-pos-4
2026-09-20T07:01:02Z,apartment Piteå,3,local_en,en,serper,-1,,serper-checked-10-results
2026-09-20T07:01:06Z,vacation rental Piteå,3,local_en,en,serper,-1,,serper-checked-9-results
2026-09-20T07:01:10Z,hotel Öjebyn,3,local_en,en,serper,-1,,serper-checked-6-results
2026-09-20T07:01:13Z,Piteå apartment short stay,3,local_en,en,serper,-1,,serper-checked-9-results
2026-09-20T07:01:18Z,Pite Havsbad accommodation,4,longtail,en,serper,-1,,serper-checked-9-results
2026-09-20T07:01:22Z,northern lights apartment Piteå,4,longtail,en,serper,1,https://stationshotellet.com/,serper-found-pos-1
2026-09-20T07:01:26Z,Luleå airport apartment rental,4,longtail,en,serper,-1,,serper-checked-7-results
2026-09-20T07:01:30Z,midnight sun stay Piteå,4,longtail,en,serper,-1,,serper-checked-9-results
2026-09-20T07:01:36Z,Markbygden wind park accommodation,4,longtail,en,serper,-1,,serper-checked-7-results
2026-09-20T07:01:40Z,appartement Piteå,5,local_other,fr,serper,-1,,serper-checked-10-results
2026-09-20T07:01:43Z,Ferienwohnung Piteå,5,local_other,de,serper,-1,,serper-checked-9-results
2026-09-20T07:01:48Z,Übernachtung Piteå,5,local_other,de,serper,-1,,serper-checked-6-results
2026-09-20T07:01:54Z,nocleg Piteå,5,local_other,pl,serper,-1,,serper-checked-7-results
2026-09-27T07:00:02Z,Stations Hotellet,1,brand,sv,serper,-1,,serper-checked-10-results
2026-09-27T07:00:06Z,Stations Hotellet Öjebyn,1,brand,sv,serper,1,https://stationshotellet.com/sv/,serper-found-pos-1
2026-09-27T07:00:10Z,Stations Hotellet Piteå,1,brand,sv,serper,5,https://stationshotellet.com/sv/,serper-found-pos-5
2026-09-27T07:00:16Z,stationshotellet.com,1,brand,any,serper,1,https://stationshotellet.com/,serper-found-pos-1
2026-09-27T07:00:19Z,boende Öjebyn,2,local_sv,sv,serper,-1,,serper-checked-7-results
2026-09-27T07:00:23Z,boende Piteå,2,local_sv,sv,serper,-1,,serper-checked-10-results
2026-09-27T07:00:26Z,lägenhet Piteå,2,local_sv,sv,serper,-1,,serper-checked-10-results
2026-09-27T07:00:29Z,lägenhet Öjebyn,2,local_sv,sv,serper,-1,,serper-checked-10-results
2026-09-27T07:00:33Z,billig övernattning Piteå,2,local_sv,sv,serper,-1,,serper-checked-7-results
2026-09-27T07:00:36Z,övernattning Piteå,2,local_sv,sv,serper,-1,,serper-checked-7-results
2026-09-27T07:00:40Z,billigt boende Piteå,2,local_sv,sv,serper,-1,,serper-checked-10-results
2026-09-27T07:00:43Z,semesterboende Norrbotten,2,local_sv,sv,serper,-1,,serper-checked-10-results
2026-09-27T07:00:47Z,airbnb Öjebyn,2,local_sv,sv,serper,5,https://stationshotellet.com/sv/,serper-found-pos-5
2026-09-27T07:00:50Z,rum att hyra Piteå,2,local_sv,sv,serper,-1,,serper-checked-10-results
2026-09-27T07:00:54Z,stuga Piteå,2,local_sv,sv,serper,-1,,serper-checked-7-results
2026-09-27T07:01:00Z,accommodation Öjebyn,3,local_en,en,serper,5,https://stationshotellet.com/,serper-found-pos-5
2026-09-27T07:01:08Z,apartment Piteå,3,local_en,en,serper,-1,,serper-checked-7-results
2026-09-27T07:01:11Z,vacation rental Piteå,3,local_en,en,serper,-1,,serper-checked-10-results
2026-09-27T07:01:14Z,hotel Öjebyn,3,local_en,en,serper,-1,,serper-checked-6-results
2026-09-27T07:01:20Z,Piteå apartment short stay,3,local_en,en,serper,-1,,serper-checked-8-results
2026-09-27T07:01:30Z,Pite Havsbad accommodation,4,longtail,en,serper,-1,,serper-checked-10-results
2026-09-27T07:01:34Z,northern lights apartment Piteå,4,longtail,en,serper,1,https://stationshotellet.com/,serper-found-pos-1
2026-09-27T07:01:39Z,Luleå airport apartment rental,4,longtail,en,serper,-1,,serper-checked-8-results
2026-09-27T07:01:42Z,midnight sun stay Piteå,4,longtail,en,serper,5,https://stationshotellet.com/,serper-found-pos-5
2026-09-27T07:01:46Z,Markbygden wind park accommodation,4,longtail,en,serper,-1,,serper-checked-10-results
2026-09-27T07:01:49Z,appartement Piteå,5,local_other,fr,serper,-1,,serper-checked-10-results
2026-09-27T07:01:52Z,Ferienwohnung Piteå,5,local_other,de,serper,9,https://stationshotellet.com/de/,serper-found-pos-9
2026-09-27T07:01:55Z,Übernachtung Piteå,5,local_other,de,serper,-1,,serper-checked-7-results
2026-09-27T07:01:58Z,nocleg Piteå,5,local_other,pl,serper,-1,,serper-checked-10-results
